rank,pipeline,cv_neg_mse,cv_rmse,generation,operator_count
1,"DecisionTreeRegressor(input_matrix, DecisionTreeRegressor__max_depth=7, DecisionTreeRegressor__min_samples_leaf=17, DecisionTreeRegressor__min_samples_split=5)",-28965.102693114506,170.19137079509792,4,1
2,"DecisionTreeRegressor(input_matrix, DecisionTreeRegressor__max_depth=7, DecisionTreeRegressor__min_samples_leaf=17, DecisionTreeRegressor__min_samples_split=17)",-28965.102693114506,170.19137079509792,5,1
3,"DecisionTreeRegressor(input_matrix, DecisionTreeRegressor__max_depth=7, DecisionTreeRegressor__min_samples_leaf=15, DecisionTreeRegressor__min_samples_split=5)",-28980.04397519547,170.23526066944964,3,1
4,"DecisionTreeRegressor(RidgeCV(input_matrix), DecisionTreeRegressor__max_depth=6, DecisionTreeRegressor__min_samples_leaf=15, DecisionTreeRegressor__min_samples_split=5)",-29014.551803375816,170.33658386669558,5,2
5,"DecisionTreeRegressor(RidgeCV(input_matrix), DecisionTreeRegressor__max_depth=6, DecisionTreeRegressor__min_samples_leaf=17, DecisionTreeRegressor__min_samples_split=5)",-29017.978938586,170.34664346146067,5,2
6,"DecisionTreeRegressor(input_matrix, DecisionTreeRegressor__max_depth=8, DecisionTreeRegressor__min_samples_leaf=17, DecisionTreeRegressor__min_samples_split=5)",-29051.09924484542,170.4438301753555,3,1
7,"DecisionTreeRegressor(input_matrix, DecisionTreeRegressor__max_depth=8, DecisionTreeRegressor__min_samples_leaf=17, DecisionTreeRegressor__min_samples_split=12)",-29051.09924484542,170.4438301753555,5,1
8,"DecisionTreeRegressor(RobustScaler(input_matrix), DecisionTreeRegressor__max_depth=8, DecisionTreeRegressor__min_samples_leaf=17, DecisionTreeRegressor__min_samples_split=5)",-29051.09924484542,170.4438301753555,4,2
9,"DecisionTreeRegressor(RobustScaler(MaxAbsScaler(input_matrix)), DecisionTreeRegressor__max_depth=8, DecisionTreeRegressor__min_samples_leaf=17, DecisionTreeRegressor__min_samples_split=5)",-29051.09924484542,170.4438301753555,5,3
10,"DecisionTreeRegressor(MinMaxScaler(input_matrix), DecisionTreeRegressor__max_depth=6, DecisionTreeRegressor__min_samples_leaf=17, DecisionTreeRegressor__min_samples_split=5)",-29061.661376017495,170.47481155882676,2,2
11,"DecisionTreeRegressor(MinMaxScaler(StandardScaler(input_matrix)), DecisionTreeRegressor__max_depth=6, DecisionTreeRegressor__min_samples_leaf=17, DecisionTreeRegressor__min_samples_split=5)",-29061.661376017495,170.47481155882676,3,3
12,"DecisionTreeRegressor(input_matrix, DecisionTreeRegressor__max_depth=6, DecisionTreeRegressor__min_samples_leaf=17, DecisionTreeRegressor__min_samples_split=5)",-29062.10430397644,170.47611065476724,0,1
13,"DecisionTreeRegressor(input_matrix, DecisionTreeRegressor__max_depth=6, DecisionTreeRegressor__min_samples_leaf=17, DecisionTreeRegressor__min_samples_split=17)",-29062.10430397644,170.47611065476724,2,1
14,"DecisionTreeRegressor(input_matrix, DecisionTreeRegressor__max_depth=6, DecisionTreeRegressor__min_samples_leaf=17, DecisionTreeRegressor__min_samples_split=4)",-29062.10430397644,170.47611065476724,3,1
15,"DecisionTreeRegressor(RobustScaler(input_matrix), DecisionTreeRegressor__max_depth=6, DecisionTreeRegressor__min_samples_leaf=17, DecisionTreeRegressor__min_samples_split=17)",-29062.10430397644,170.47611065476724,4,2
16,"DecisionTreeRegressor(StandardScaler(input_matrix), DecisionTreeRegressor__max_depth=6, DecisionTreeRegressor__min_samples_leaf=17, DecisionTreeRegressor__min_samples_split=5)",-29062.10430397644,170.47611065476724,4,2
17,"DecisionTreeRegressor(StandardScaler(input_matrix), DecisionTreeRegressor__max_depth=6, DecisionTreeRegressor__min_samples_leaf=17, DecisionTreeRegressor__min_samples_split=17)",-29062.10430397644,170.47611065476724,5,2
18,"DecisionTreeRegressor(MaxAbsScaler(StandardScaler(input_matrix)), DecisionTreeRegressor__max_depth=6, DecisionTreeRegressor__min_samples_leaf=17, DecisionTreeRegressor__min_samples_split=5)",-29062.10430397644,170.47611065476724,5,3
19,"DecisionTreeRegressor(input_matrix, DecisionTreeRegressor__max_depth=6, DecisionTreeRegressor__min_samples_leaf=15, DecisionTreeRegressor__min_samples_split=5)",-29062.965131100857,170.47863540954583,2,1
20,"DecisionTreeRegressor(input_matrix, DecisionTreeRegressor__max_depth=6, DecisionTreeRegressor__min_samples_leaf=15, DecisionTreeRegressor__min_samples_split=17)",-29062.965131100857,170.47863540954583,5,1
21,"DecisionTreeRegressor(input_matrix, DecisionTreeRegressor__max_depth=6, DecisionTreeRegressor__min_samples_leaf=15, DecisionTreeRegressor__min_samples_split=18)",-29062.965131100857,170.47863540954583,5,1
22,"RandomForestRegressor(input_matrix, RandomForestRegressor__bootstrap=True, RandomForestRegressor__max_features=0.05, RandomForestRegressor__min_samples_leaf=18, RandomForestRegressor__min_samples_split=13, RandomForestRegressor__n_estimators=100)",-29065.22758195512,170.48527086512524,4,1
23,"DecisionTreeRegressor(input_matrix, DecisionTreeRegressor__max_depth=6, DecisionTreeRegressor__min_samples_leaf=11, DecisionTreeRegressor__min_samples_split=5)",-29065.53265978145,170.48616559645376,4,1
24,"DecisionTreeRegressor(MinMaxScaler(input_matrix), DecisionTreeRegressor__max_depth=6, DecisionTreeRegressor__min_samples_leaf=7, DecisionTreeRegressor__min_samples_split=5)",-29066.04349485624,170.48766376150576,5,2
25,"DecisionTreeRegressor(MinMaxScaler(SGDRegressor(input_matrix, SGDRegressor__alpha=0.001, SGDRegressor__eta0=0.01, SGDRegressor__fit_intercept=False, SGDRegressor__l1_ratio=0.5, SGDRegressor__learning_rate=invscaling, SGDRegressor__loss=huber, SGDRegressor__penalty=elasticnet, SGDRegressor__power_t=100.0)), DecisionTreeRegressor__max_depth=6, DecisionTreeRegressor__min_samples_leaf=17, DecisionTreeRegressor__min_samples_split=5)",-29082.574884387297,170.53613952587088,5,3
26,"RandomForestRegressor(input_matrix, RandomForestRegressor__bootstrap=True, RandomForestRegressor__max_features=0.7500000000000001, RandomForestRegressor__min_samples_leaf=17, RandomForestRegressor__min_samples_split=9, RandomForestRegressor__n_estimators=100)",-29086.733683703293,170.54833239789622,3,1
27,"RandomForestRegressor(input_matrix, RandomForestRegressor__bootstrap=True, RandomForestRegressor__max_features=0.7500000000000001, RandomForestRegressor__min_samples_leaf=17, RandomForestRegressor__min_samples_split=3, RandomForestRegressor__n_estimators=100)",-29086.733683703293,170.54833239789622,4,1
28,"RandomForestRegressor(input_matrix, RandomForestRegressor__bootstrap=True, RandomForestRegressor__max_features=0.7500000000000001, RandomForestRegressor__min_samples_leaf=16, RandomForestRegressor__min_samples_split=14, RandomForestRegressor__n_estimators=100)",-29110.049563215678,170.6166743410962,2,1
29,"RandomForestRegressor(VarianceThreshold(input_matrix, VarianceThreshold__threshold=0.0001), RandomForestRegressor__bootstrap=True, RandomForestRegressor__max_features=0.7500000000000001, RandomForestRegressor__min_samples_leaf=16, RandomForestRegressor__min_samples_split=14, RandomForestRegressor__n_estimators=100)",-29110.049563215678,170.6166743410962,3,2
30,"RandomForestRegressor(input_matrix, RandomForestRegressor__bootstrap=True, RandomForestRegressor__max_features=0.4, RandomForestRegressor__min_samples_leaf=16, RandomForestRegressor__min_samples_split=14, RandomForestRegressor__n_estimators=100)",-29111.690372364526,170.62148273990744,1,1
31,"RandomForestRegressor(input_matrix, RandomForestRegressor__bootstrap=True, RandomForestRegressor__max_features=0.4, RandomForestRegressor__min_samples_leaf=16, RandomForestRegressor__min_samples_split=13, RandomForestRegressor__n_estimators=100)",-29111.690372364526,170.62148273990744,2,1
32,"RandomForestRegressor(input_matrix, RandomForestRegressor__bootstrap=True, RandomForestRegressor__max_features=0.4, RandomForestRegressor__min_samples_leaf=16, RandomForestRegressor__min_samples_split=2, RandomForestRegressor__n_estimators=100)",-29111.690372364526,170.62148273990744,2,1
33,"RandomForestRegressor(input_matrix, RandomForestRegressor__bootstrap=True, RandomForestRegressor__max_features=0.05, RandomForestRegressor__min_samples_leaf=16, RandomForestRegressor__min_samples_split=14, RandomForestRegressor__n_estimators=100)",-29111.690372364526,170.62148273990744,3,1
34,"RandomForestRegressor(input_matrix, RandomForestRegressor__bootstrap=True, RandomForestRegressor__max_features=0.05, RandomForestRegressor__min_samples_leaf=16, RandomForestRegressor__min_samples_split=13, RandomForestRegressor__n_estimators=100)",-29111.690372364526,170.62148273990744,3,1
35,"RandomForestRegressor(input_matrix, RandomForestRegressor__bootstrap=True, RandomForestRegressor__max_features=0.4, RandomForestRegressor__min_samples_leaf=16, RandomForestRegressor__min_samples_split=12, RandomForestRegressor__n_estimators=100)",-29111.690372364526,170.62148273990744,4,1
36,"RandomForestRegressor(input_matrix, RandomForestRegressor__bootstrap=True, RandomForestRegressor__max_features=0.4, RandomForestRegressor__min_samples_leaf=16, RandomForestRegressor__min_samples_split=18, RandomForestRegressor__n_estimators=100)",-29111.690372364526,170.62148273990744,4,1
37,"RandomForestRegressor(MinMaxScaler(input_matrix), RandomForestRegressor__bootstrap=True, RandomForestRegressor__max_features=0.4, RandomForestRegressor__min_samples_leaf=16, RandomForestRegressor__min_samples_split=14, RandomForestRegressor__n_estimators=100)",-29112.489568490662,170.6238247387822,5,2
38,"RandomForestRegressor(ZeroCount(input_matrix), RandomForestRegressor__bootstrap=True, RandomForestRegressor__max_features=0.05, RandomForestRegressor__min_samples_leaf=16, RandomForestRegressor__min_samples_split=13, RandomForestRegressor__n_estimators=100)",-29124.541944949422,170.6591396466929,4,2
39,"RandomForestRegressor(ElasticNetCV(input_matrix, ElasticNetCV__l1_ratio=0.75, ElasticNetCV__tol=0.01), RandomForestRegressor__bootstrap=True, RandomForestRegressor__max_features=0.4, RandomForestRegressor__min_samples_leaf=16, RandomForestRegressor__min_samples_split=14, RandomForestRegressor__n_estimators=100)",-29130.36933925026,170.6762119899849,0,2
40,"RandomForestRegressor(ElasticNetCV(input_matrix, ElasticNetCV__l1_ratio=0.75, ElasticNetCV__tol=0.01), RandomForestRegressor__bootstrap=True, RandomForestRegressor__max_features=0.4, RandomForestRegressor__min_samples_leaf=16, RandomForestRegressor__min_samples_split=2, RandomForestRegressor__n_estimators=100)",-29130.36933925026,170.6762119899849,1,2
41,"RandomForestRegressor(ElasticNetCV(input_matrix, ElasticNetCV__l1_ratio=0.5, ElasticNetCV__tol=0.01), RandomForestRegressor__bootstrap=True, RandomForestRegressor__max_features=0.4, RandomForestRegressor__min_samples_leaf=16, RandomForestRegressor__min_samples_split=14, RandomForestRegressor__n_estimators=100)",-29133.84929245977,170.68640629077575,3,2
42,"RandomForestRegressor(ElasticNetCV(input_matrix, ElasticNetCV__l1_ratio=0.8, ElasticNetCV__tol=0.01), RandomForestRegressor__bootstrap=True, RandomForestRegressor__max_features=0.4, RandomForestRegressor__min_samples_leaf=16, RandomForestRegressor__min_samples_split=2, RandomForestRegressor__n_estimators=100)",-29136.240951220767,170.69341214944637,4,2
43,"RandomForestRegressor(input_matrix, RandomForestRegressor__bootstrap=True, RandomForestRegressor__max_features=0.05, RandomForestRegressor__min_samples_leaf=15, RandomForestRegressor__min_samples_split=13, RandomForestRegressor__n_estimators=100)",-29143.686217600025,170.7152196425381,1,1
44,"RandomForestRegressor(input_matrix, RandomForestRegressor__bootstrap=True, RandomForestRegressor__max_features=0.4, RandomForestRegressor__min_samples_leaf=15, RandomForestRegressor__min_samples_split=14, RandomForestRegressor__n_estimators=100)",-29143.686217600025,170.7152196425381,3,1
45,"RandomForestRegressor(input_matrix, RandomForestRegressor__bootstrap=True, RandomForestRegressor__max_features=0.3, RandomForestRegressor__min_samples_leaf=15, RandomForestRegressor__min_samples_split=14, RandomForestRegressor__n_estimators=100)",-29143.686217600025,170.7152196425381,4,1
46,"RandomForestRegressor(ElasticNetCV(input_matrix, ElasticNetCV__l1_ratio=0.75, ElasticNetCV__tol=0.01), RandomForestRegressor__bootstrap=True, RandomForestRegressor__max_features=0.4, RandomForestRegressor__min_samples_leaf=15, RandomForestRegressor__min_samples_split=14, RandomForestRegressor__n_estimators=100)",-29166.21422663327,170.78118815207156,2,2
47,"RandomForestRegressor(ElasticNetCV(input_matrix, ElasticNetCV__l1_ratio=0.75, ElasticNetCV__tol=0.01), RandomForestRegressor__bootstrap=True, RandomForestRegressor__max_features=0.6000000000000001, RandomForestRegressor__min_samples_leaf=16, RandomForestRegressor__min_samples_split=2, RandomForestRegressor__n_estimators=100)",-29195.984906867816,170.86832622480918,4,2
48,"DecisionTreeRegressor(input_matrix, DecisionTreeRegressor__max_depth=9, DecisionTreeRegressor__min_samples_leaf=17, DecisionTreeRegressor__min_samples_split=5)",-29241.34581757977,171.00101115952435,5,1
49,"RandomForestRegressor(ElasticNetCV(input_matrix, ElasticNetCV__l1_ratio=0.75, ElasticNetCV__tol=0.01), RandomForestRegressor__bootstrap=True, RandomForestRegressor__max_features=0.4, RandomForestRegressor__min_samples_leaf=11, RandomForestRegressor__min_samples_split=14, RandomForestRegressor__n_estimators=100)",-29320.254093114298,171.23158030315057,3,2
50,"RandomForestRegressor(ElasticNetCV(input_matrix, ElasticNetCV__l1_ratio=0.75, ElasticNetCV__tol=0.01), RandomForestRegressor__bootstrap=True, RandomForestRegressor__max_features=0.7500000000000001, RandomForestRegressor__min_samples_leaf=16, RandomForestRegressor__min_samples_split=14, RandomForestRegressor__n_estimators=100)",-29324.315460682228,171.24343917558485,1,2
51,"RandomForestRegressor(ElasticNetCV(input_matrix, ElasticNetCV__l1_ratio=0.75, ElasticNetCV__tol=0.01), RandomForestRegressor__bootstrap=True, RandomForestRegressor__max_features=0.7500000000000001, RandomForestRegressor__min_samples_leaf=16, RandomForestRegressor__min_samples_split=2, RandomForestRegressor__n_estimators=100)",-29324.315460682228,171.24343917558485,4,2
52,"RandomForestRegressor(input_matrix, RandomForestRegressor__bootstrap=True, RandomForestRegressor__max_features=0.7500000000000001, RandomForestRegressor__min_samples_leaf=11, RandomForestRegressor__min_samples_split=9, RandomForestRegressor__n_estimators=100)",-29342.10144032173,171.2953631605997,0,1
53,"RandomForestRegressor(input_matrix, RandomForestRegressor__bootstrap=True, RandomForestRegressor__max_features=0.7500000000000001, RandomForestRegressor__min_samples_leaf=11, RandomForestRegressor__min_samples_split=6, RandomForestRegressor__n_estimators=100)",-29342.10144032173,171.2953631605997,2,1
54,"DecisionTreeRegressor(ElasticNetCV(input_matrix, ElasticNetCV__l1_ratio=0.75, ElasticNetCV__tol=0.01), DecisionTreeRegressor__max_depth=9, DecisionTreeRegressor__min_samples_leaf=12, DecisionTreeRegressor__min_samples_split=18)",-29390.91011231079,171.43777329489203,2,2
55,"RandomForestRegressor(input_matrix, RandomForestRegressor__bootstrap=True, RandomForestRegressor__max_features=0.7500000000000001, RandomForestRegressor__min_samples_leaf=10, RandomForestRegressor__min_samples_split=14, RandomForestRegressor__n_estimators=100)",-29416.18855237885,171.51148227561575,5,1
56,"ElasticNetCV(GradientBoostingRegressor(input_matrix, GradientBoostingRegressor__alpha=0.9, GradientBoostingRegressor__learning_rate=0.01, GradientBoostingRegressor__loss=quantile, GradientBoostingRegressor__max_depth=10, GradientBoostingRegressor__max_features=0.7000000000000001, GradientBoostingRegressor__min_samples_leaf=9, GradientBoostingRegressor__min_samples_split=12, GradientBoostingRegressor__n_estimators=100, GradientBoostingRegressor__subsample=0.9000000000000001), ElasticNetCV__l1_ratio=0.5, ElasticNetCV__tol=1e-05)",-29421.90548222906,171.5281477840563,0,2
57,"RandomForestRegressor(input_matrix, RandomForestRegressor__bootstrap=True, RandomForestRegressor__max_features=0.4, RandomForestRegressor__min_samples_leaf=9, RandomForestRegressor__min_samples_split=13, RandomForestRegressor__n_estimators=100)",-29484.733726914576,171.71119278286602,3,1
58,"RandomForestRegressor(VarianceThreshold(input_matrix, VarianceThreshold__threshold=0.0001), RandomForestRegressor__bootstrap=False, RandomForestRegressor__max_features=0.7500000000000001, RandomForestRegressor__min_samples_leaf=16, RandomForestRegressor__min_samples_split=14, RandomForestRegressor__n_estimators=100)",-29486.726180627204,171.7169944432618,4,2
59,"RandomForestRegressor(input_matrix, RandomForestRegressor__bootstrap=False, RandomForestRegressor__max_features=0.05, RandomForestRegressor__min_samples_leaf=15, RandomForestRegressor__min_samples_split=13, RandomForestRegressor__n_estimators=100)",-29497.091257488948,171.74717248761024,3,1
60,"RandomForestRegressor(input_matrix, RandomForestRegressor__bootstrap=True, RandomForestRegressor__max_features=0.05, RandomForestRegressor__min_samples_leaf=8, RandomForestRegressor__min_samples_split=14, RandomForestRegressor__n_estimators=100)",-29572.389940763147,171.96624651588795,3,1
61,"RandomForestRegressor(ElasticNetCV(input_matrix, ElasticNetCV__l1_ratio=0.75, ElasticNetCV__tol=0.01), RandomForestRegressor__bootstrap=True, RandomForestRegressor__max_features=0.4, RandomForestRegressor__min_samples_leaf=7, RandomForestRegressor__min_samples_split=2, RandomForestRegressor__n_estimators=100)",-29656.955421660656,172.2119491256651,3,2
62,"DecisionTreeRegressor(input_matrix, DecisionTreeRegressor__max_depth=10, DecisionTreeRegressor__min_samples_leaf=9, DecisionTreeRegressor__min_samples_split=6)",-29664.947156645543,172.23515075804227,5,1
63,"RandomForestRegressor(input_matrix, RandomForestRegressor__bootstrap=True, RandomForestRegressor__max_features=0.05, RandomForestRegressor__min_samples_leaf=7, RandomForestRegressor__min_samples_split=13, RandomForestRegressor__n_estimators=100)",-29693.86078877557,172.31906681727236,0,1
64,"RandomForestRegressor(input_matrix, RandomForestRegressor__bootstrap=True, RandomForestRegressor__max_features=0.05, RandomForestRegressor__min_samples_leaf=7, RandomForestRegressor__min_samples_split=10, RandomForestRegressor__n_estimators=100)",-29693.86078877557,172.31906681727236,1,1
65,"RandomForestRegressor(input_matrix, RandomForestRegressor__bootstrap=True, RandomForestRegressor__max_features=0.05, RandomForestRegressor__min_samples_leaf=7, RandomForestRegressor__min_samples_split=14, RandomForestRegressor__n_estimators=100)",-29693.86078877557,172.31906681727236,2,1
66,"RandomForestRegressor(input_matrix, RandomForestRegressor__bootstrap=True, RandomForestRegressor__max_features=0.4, RandomForestRegressor__min_samples_leaf=7, RandomForestRegressor__min_samples_split=13, RandomForestRegressor__n_estimators=100)",-29693.86078877557,172.31906681727236,2,1
67,"RandomForestRegressor(input_matrix, RandomForestRegressor__bootstrap=True, RandomForestRegressor__max_features=0.4, RandomForestRegressor__min_samples_leaf=7, RandomForestRegressor__min_samples_split=10, RandomForestRegressor__n_estimators=100)",-29693.86078877557,172.31906681727236,3,1
68,"RandomForestRegressor(RobustScaler(input_matrix), RandomForestRegressor__bootstrap=True, RandomForestRegressor__max_features=0.05, RandomForestRegressor__min_samples_leaf=7, RandomForestRegressor__min_samples_split=13, RandomForestRegressor__n_estimators=100)",-29694.64685963782,172.3213476608102,3,2
69,"XGBRegressor(input_matrix, XGBRegressor__learning_rate=0.1, XGBRegressor__max_depth=1, XGBRegressor__min_child_weight=3, XGBRegressor__n_estimators=100, XGBRegressor__n_jobs=1, XGBRegressor__objective=reg:squarederror, XGBRegressor__subsample=0.1, XGBRegressor__verbosity=0)",-29720.531437709375,172.39643684748643,3,1
70,"DecisionTreeRegressor(DecisionTreeRegressor(input_matrix, DecisionTreeRegressor__max_depth=10, DecisionTreeRegressor__min_samples_leaf=15, DecisionTreeRegressor__min_samples_split=12), DecisionTreeRegressor__max_depth=7, DecisionTreeRegressor__min_samples_leaf=3, DecisionTreeRegressor__min_samples_split=4)",-29728.23807755592,172.41878690431597,0,2
71,"DecisionTreeRegressor(DecisionTreeRegressor(input_matrix, DecisionTreeRegressor__max_depth=10, DecisionTreeRegressor__min_samples_leaf=15, DecisionTreeRegressor__min_samples_split=17), DecisionTreeRegressor__max_depth=7, DecisionTreeRegressor__min_samples_leaf=3, DecisionTreeRegressor__min_samples_split=4)",-29728.23807755592,172.41878690431597,1,2
72,"RandomForestRegressor(input_matrix, RandomForestRegressor__bootstrap=True, RandomForestRegressor__max_features=0.4, RandomForestRegressor__min_samples_leaf=6, RandomForestRegressor__min_samples_split=2, RandomForestRegressor__n_estimators=100)",-29810.930924679164,172.65842268675792,4,1
73,"XGBRegressor(input_matrix, XGBRegressor__learning_rate=0.5, XGBRegressor__max_depth=1, XGBRegressor__min_child_weight=3, XGBRegressor__n_estimators=100, XGBRegressor__n_jobs=1, XGBRegressor__objective=reg:squarederror, XGBRegressor__subsample=0.1, XGBRegressor__verbosity=0)",-29811.116680546656,172.6589606146946,0,1
74,"ExtraTreesRegressor(input_matrix, ExtraTreesRegressor__bootstrap=False, ExtraTreesRegressor__max_features=0.7500000000000001, ExtraTreesRegressor__min_samples_leaf=4, ExtraTreesRegressor__min_samples_split=3, ExtraTreesRegressor__n_estimators=100)",-29895.77488321156,172.90394698563583,4,1
75,"RandomForestRegressor(input_matrix, RandomForestRegressor__bootstrap=True, RandomForestRegressor__max_features=0.7500000000000001, RandomForestRegressor__min_samples_leaf=5, RandomForestRegressor__min_samples_split=14, RandomForestRegressor__n_estimators=100)",-29954.862445211573,173.07473081074423,3,1
76,"DecisionTreeRegressor(input_matrix, DecisionTreeRegressor__max_depth=4, DecisionTreeRegressor__min_samples_leaf=14, DecisionTreeRegressor__min_samples_split=6)",-30065.44806075139,173.39391010283893,0,1
77,"DecisionTreeRegressor(input_matrix, DecisionTreeRegressor__max_depth=4, DecisionTreeRegressor__min_samples_leaf=14, DecisionTreeRegressor__min_samples_split=13)",-30065.44806075139,173.39391010283893,1,1
78,"ExtraTreesRegressor(input_matrix, ExtraTreesRegressor__bootstrap=True, ExtraTreesRegressor__max_features=0.1, ExtraTreesRegressor__min_samples_leaf=2, ExtraTreesRegressor__min_samples_split=2, ExtraTreesRegressor__n_estimators=100)",-30136.494087021925,173.59865807955407,5,1
79,"AdaBoostRegressor(DecisionTreeRegressor(input_matrix, DecisionTreeRegressor__max_depth=4, DecisionTreeRegressor__min_samples_leaf=1, DecisionTreeRegressor__min_samples_split=20), AdaBoostRegressor__learning_rate=0.01, AdaBoostRegressor__loss=exponential, AdaBoostRegressor__n_estimators=100)",-30277.978559254687,174.00568542221455,0,2
80,"AdaBoostRegressor(DecisionTreeRegressor(RobustScaler(input_matrix), DecisionTreeRegressor__max_depth=4, DecisionTreeRegressor__min_samples_leaf=1, DecisionTreeRegressor__min_samples_split=20), AdaBoostRegressor__learning_rate=0.01, AdaBoostRegressor__loss=exponential, AdaBoostRegressor__n_estimators=100)",-30277.978559254687,174.00568542221455,1,3
81,"AdaBoostRegressor(DecisionTreeRegressor(input_matrix, DecisionTreeRegressor__max_depth=4, DecisionTreeRegressor__min_samples_leaf=1, DecisionTreeRegressor__min_samples_split=20), AdaBoostRegressor__learning_rate=0.1, AdaBoostRegressor__loss=exponential, AdaBoostRegressor__n_estimators=100)",-30490.082946305105,174.61409721527386,1,2
82,RidgeCV(MinMaxScaler(input_matrix)),-30658.057830432408,175.09442546932328,1,2
83,RidgeCV(input_matrix),-30658.091922654898,175.0945228231166,0,1
84,"ElasticNetCV(input_matrix, ElasticNetCV__l1_ratio=1.0, ElasticNetCV__tol=0.1)",-30826.596752522233,175.57504592772355,0,1
85,"AdaBoostRegressor(input_matrix, AdaBoostRegressor__learning_rate=0.01, AdaBoostRegressor__loss=linear, AdaBoostRegressor__n_estimators=100)",-30857.29563699239,175.66244799897441,0,1
86,"ElasticNetCV(input_matrix, ElasticNetCV__l1_ratio=1.0, ElasticNetCV__tol=0.01)",-30903.525489572872,175.79398593118273,2,1
87,"AdaBoostRegressor(input_matrix, AdaBoostRegressor__learning_rate=0.01, AdaBoostRegressor__loss=exponential, AdaBoostRegressor__n_estimators=100)",-30916.317004178767,175.8303642838141,2,1
88,"DecisionTreeRegressor(input_matrix, DecisionTreeRegressor__max_depth=3, DecisionTreeRegressor__min_samples_leaf=8, DecisionTreeRegressor__min_samples_split=11)",-31255.812620969,176.79313510701994,1,1
89,"DecisionTreeRegressor(input_matrix, DecisionTreeRegressor__max_depth=3, DecisionTreeRegressor__min_samples_leaf=15, DecisionTreeRegressor__min_samples_split=5)",-31255.812620969,176.79313510701994,5,1
90,"XGBRegressor(MinMaxScaler(input_matrix), XGBRegressor__learning_rate=1.0, XGBRegressor__max_depth=5, XGBRegressor__min_child_weight=5, XGBRegressor__n_estimators=100, XGBRegressor__n_jobs=1, XGBRegressor__objective=reg:squarederror, XGBRegressor__subsample=0.45, XGBRegressor__verbosity=0)",-31349.197350594808,177.05704547008236,4,2
91,"AdaBoostRegressor(input_matrix, AdaBoostRegressor__learning_rate=0.1, AdaBoostRegressor__loss=exponential, AdaBoostRegressor__n_estimators=100)",-31480.134155005322,177.4264189882818,2,1
92,"DecisionTreeRegressor(FastICA(input_matrix, FastICA__tol=0.45), DecisionTreeRegressor__max_depth=3, DecisionTreeRegressor__min_samples_leaf=8, DecisionTreeRegressor__min_samples_split=11)",-31534.150043336896,177.57857428005468,0,2
93,"DecisionTreeRegressor(ElasticNetCV(input_matrix, ElasticNetCV__l1_ratio=0.75, ElasticNetCV__tol=0.01), DecisionTreeRegressor__max_depth=2, DecisionTreeRegressor__min_samples_leaf=13, DecisionTreeRegressor__min_samples_split=3)",-31683.374438957235,177.99824279738615,2,2
94,"GradientBoostingRegressor(input_matrix, GradientBoostingRegressor__alpha=0.95, GradientBoostingRegressor__learning_rate=1.0, GradientBoostingRegressor__loss=huber, GradientBoostingRegressor__max_depth=10, GradientBoostingRegressor__max_features=0.5, GradientBoostingRegressor__min_samples_leaf=17, GradientBoostingRegressor__min_samples_split=6, GradientBoostingRegressor__n_estimators=100, GradientBoostingRegressor__subsample=0.9000000000000001)",-32301.881016768963,179.72724060856484,0,1
95,"DecisionTreeRegressor(input_matrix, DecisionTreeRegressor__max_depth=2, DecisionTreeRegressor__min_samples_leaf=14, DecisionTreeRegressor__min_samples_split=15)",-33270.11403488637,182.4009704877865,5,1
96,"ExtraTreesRegressor(input_matrix, ExtraTreesRegressor__bootstrap=True, ExtraTreesRegressor__max_features=0.45, ExtraTreesRegressor__min_samples_leaf=11, ExtraTreesRegressor__min_samples_split=7, ExtraTreesRegressor__n_estimators=100)",-33693.42373975088,183.55768504682902,1,1
97,"KNeighborsRegressor(input_matrix, KNeighborsRegressor__n_neighbors=71, KNeighborsRegressor__p=1, KNeighborsRegressor__weights=uniform)",-34431.02430372856,185.55598697894004,0,1
98,"ExtraTreesRegressor(input_matrix, ExtraTreesRegressor__bootstrap=True, ExtraTreesRegressor__max_features=0.05, ExtraTreesRegressor__min_samples_leaf=16, ExtraTreesRegressor__min_samples_split=11, ExtraTreesRegressor__n_estimators=100)",-34588.50975010678,185.97986382968125,1,1
99,"ExtraTreesRegressor(Nystroem(input_matrix, Nystroem__gamma=0.2, Nystroem__kernel=poly, Nystroem__n_components=5), ExtraTreesRegressor__bootstrap=True, ExtraTreesRegressor__max_features=0.6500000000000001, ExtraTreesRegressor__min_samples_leaf=9, ExtraTreesRegressor__min_samples_split=11, ExtraTreesRegressor__n_estimators=100)",-34861.946989240896,186.7135425973191,0,2
100,"XGBRegressor(input_matrix, XGBRegressor__learning_rate=0.01, XGBRegressor__max_depth=7, XGBRegressor__min_child_weight=17, XGBRegressor__n_estimators=100, XGBRegressor__n_jobs=1, XGBRegressor__objective=reg:squarederror, XGBRegressor__subsample=0.9000000000000001, XGBRegressor__verbosity=0)",-35163.3326919203,187.5188862272819,1,1
101,"DecisionTreeRegressor(input_matrix, DecisionTreeRegressor__max_depth=1, DecisionTreeRegressor__min_samples_leaf=17, DecisionTreeRegressor__min_samples_split=5)",-37167.74302541943,192.78937477314312,4,1
102,"DecisionTreeRegressor(input_matrix, DecisionTreeRegressor__max_depth=1, DecisionTreeRegressor__min_samples_leaf=15, DecisionTreeRegressor__min_samples_split=5)",-37167.74302541943,192.78937477314312,4,1
103,"XGBRegressor(RBFSampler(input_matrix, RBFSampler__gamma=0.05), XGBRegressor__learning_rate=0.01, XGBRegressor__max_depth=7, XGBRegressor__min_child_weight=17, XGBRegressor__n_estimators=100, XGBRegressor__n_jobs=1, XGBRegressor__objective=reg:squarederror, XGBRegressor__subsample=0.9000000000000001, XGBRegressor__verbosity=0)",-37427.573590461114,193.46207274414567,1,2
104,"ElasticNetCV(input_matrix, ElasticNetCV__l1_ratio=0.9500000000000001, ElasticNetCV__tol=0.01)",-38070.06057722991,195.11550573245046,2,1
105,"SGDRegressor(input_matrix, SGDRegressor__alpha=0.001, SGDRegressor__eta0=0.01, SGDRegressor__fit_intercept=False, SGDRegressor__l1_ratio=1.0, SGDRegressor__learning_rate=constant, SGDRegressor__loss=huber, SGDRegressor__penalty=elasticnet, SGDRegressor__power_t=10.0)",-38949.616571709674,197.35657215230933,2,1
106,"ElasticNetCV(input_matrix, ElasticNetCV__l1_ratio=0.8, ElasticNetCV__tol=0.1)",-42073.88717953995,205.1192023666725,2,1
107,"ElasticNetCV(input_matrix, ElasticNetCV__l1_ratio=0.5, ElasticNetCV__tol=0.001)",-43372.09705799057,208.2596865886208,5,1
108,"XGBRegressor(RBFSampler(input_matrix, RBFSampler__gamma=0.65), XGBRegressor__learning_rate=0.01, XGBRegressor__max_depth=7, XGBRegressor__min_child_weight=17, XGBRegressor__n_estimators=100, XGBRegressor__n_jobs=1, XGBRegressor__objective=reg:squarederror, XGBRegressor__subsample=0.9000000000000001, XGBRegressor__verbosity=0)",-50841.57897141956,225.4807729528608,0,2
109,"AdaBoostRegressor(MinMaxScaler(input_matrix), AdaBoostRegressor__learning_rate=1.0, AdaBoostRegressor__loss=exponential, AdaBoostRegressor__n_estimators=100)",-69713.246423085,264.03266165966096,1,2
110,"AdaBoostRegressor(input_matrix, AdaBoostRegressor__learning_rate=1.0, AdaBoostRegressor__loss=exponential, AdaBoostRegressor__n_estimators=100)",-69810.49788160753,264.2167630594386,0,1
111,"XGBRegressor(RBFSampler(input_matrix, RBFSampler__gamma=0.65), XGBRegressor__learning_rate=0.01, XGBRegressor__max_depth=2, XGBRegressor__min_child_weight=17, XGBRegressor__n_estimators=100, XGBRegressor__n_jobs=1, XGBRegressor__objective=reg:squarederror, XGBRegressor__subsample=0.9000000000000001, XGBRegressor__verbosity=0)",-70888.03921733677,266.24807833548164,1,2
112,"SGDRegressor(input_matrix, SGDRegressor__alpha=0.001, SGDRegressor__eta0=0.1, SGDRegressor__fit_intercept=True, SGDRegressor__l1_ratio=0.75, SGDRegressor__learning_rate=constant, SGDRegressor__loss=huber, SGDRegressor__penalty=elasticnet, SGDRegressor__power_t=50.0)",-71430.74814176591,267.2653141389019,2,1
113,"GradientBoostingRegressor(DecisionTreeRegressor(input_matrix, DecisionTreeRegressor__max_depth=10, DecisionTreeRegressor__min_samples_leaf=15, DecisionTreeRegressor__min_samples_split=12), GradientBoostingRegressor__alpha=0.99, GradientBoostingRegressor__learning_rate=0.1, GradientBoostingRegressor__loss=quantile, GradientBoostingRegressor__max_depth=3, GradientBoostingRegressor__max_features=0.5, GradientBoostingRegressor__min_samples_leaf=16, GradientBoostingRegressor__min_samples_split=17, GradientBoostingRegressor__n_estimators=100, GradientBoostingRegressor__subsample=0.5)",-167405.4517777197,409.1521132509518,2,2
114,"LinearSVR(StandardScaler(input_matrix), LinearSVR__C=0.001, LinearSVR__dual=True, LinearSVR__epsilon=0.01, LinearSVR__loss=epsilon_insensitive, LinearSVR__tol=0.1)",-1031182.2138600864,1015.471424442897,5,2
115,"SGDRegressor(input_matrix, SGDRegressor__alpha=0.01, SGDRegressor__eta0=0.1, SGDRegressor__fit_intercept=True, SGDRegressor__l1_ratio=0.5, SGDRegressor__learning_rate=invscaling, SGDRegressor__loss=epsilon_insensitive, SGDRegressor__penalty=elasticnet, SGDRegressor__power_t=10.0)",-2513806.5267869835,1585.4988258548108,0,1
116,"SGDRegressor(input_matrix, SGDRegressor__alpha=0.01, SGDRegressor__eta0=0.1, SGDRegressor__fit_intercept=True, SGDRegressor__l1_ratio=0.5, SGDRegressor__learning_rate=invscaling, SGDRegressor__loss=epsilon_insensitive, SGDRegressor__penalty=elasticnet, SGDRegressor__power_t=50.0)",-2521834.3133836,1588.0284359493064,1,1
117,"SGDRegressor(input_matrix, SGDRegressor__alpha=0.0, SGDRegressor__eta0=0.1, SGDRegressor__fit_intercept=True, SGDRegressor__l1_ratio=0.25, SGDRegressor__learning_rate=invscaling, SGDRegressor__loss=epsilon_insensitive, SGDRegressor__penalty=elasticnet, SGDRegressor__power_t=50.0)",-2522160.721773225,1588.1312042061338,1,1
118,"SGDRegressor(input_matrix, SGDRegressor__alpha=0.01, SGDRegressor__eta0=1.0, SGDRegressor__fit_intercept=True, SGDRegressor__l1_ratio=0.25, SGDRegressor__learning_rate=constant, SGDRegressor__loss=epsilon_insensitive, SGDRegressor__penalty=elasticnet, SGDRegressor__power_t=0.5)",-63557366.852909766,7972.2874291454,1,1
